--------------------------------------------------------
--  파일이 생성됨 - 월요일-5월-27-2019   
--------------------------------------------------------
DROP SEQUENCE "SCOTT"."REVIEW_SEQ";
DROP SEQUENCE "SCOTT"."SEQ_PRODUCT_PROD_NO";
DROP SEQUENCE "SCOTT"."SEQ_TRANSACTION_TRAN_NO";
DROP TABLE "SCOTT"."BIN$u5tjFbQtQgyu7plUYzwW6w==$0" cascade constraints;
DROP TABLE "SCOTT"."BONUS" cascade constraints;
DROP TABLE "SCOTT"."CART" cascade constraints;
DROP TABLE "SCOTT"."CLIENT" cascade constraints;
DROP TABLE "SCOTT"."C_EMP" cascade constraints;
DROP TABLE "SCOTT"."DEPT" cascade constraints;
DROP TABLE "SCOTT"."EMP" cascade constraints;
DROP TABLE "SCOTT"."EMP_TEST" cascade constraints;
DROP TABLE "SCOTT"."EMP_TEST01" cascade constraints;
DROP TABLE "SCOTT"."FIRSTJDBC" cascade constraints;
DROP TABLE "SCOTT"."HTMLDB_PLAN_TABLE" cascade constraints;
DROP TABLE "SCOTT"."MEMBER" cascade constraints;
DROP TABLE "SCOTT"."PRODUCT" cascade constraints;
DROP TABLE "SCOTT"."PRODUCT_STOCK" cascade constraints;
DROP TABLE "SCOTT"."REVIEW" cascade constraints;
DROP TABLE "SCOTT"."SALGRADE" cascade constraints;
DROP TABLE "SCOTT"."SAL_GRADE" cascade constraints;
DROP TABLE "SCOTT"."S_DEPT" cascade constraints;
DROP TABLE "SCOTT"."TEST01" cascade constraints;
DROP TABLE "SCOTT"."TRANSACTION" cascade constraints;
DROP TABLE "SCOTT"."USERS" cascade constraints;
DROP FUNCTION "SCOTT"."GET_SEQ_TRAN_NO";
DROP SYNONYM "PUBLIC"."DUAL";
--------------------------------------------------------
--  DDL for Sequence REVIEW_SEQ
--------------------------------------------------------

   CREATE SEQUENCE  "SCOTT"."REVIEW_SEQ"  MINVALUE 1 MAXVALUE 9999999999999999999999999999 INCREMENT BY 1 START WITH 10021 CACHE 20 NOORDER  NOCYCLE ;
--------------------------------------------------------
--  DDL for Sequence SEQ_PRODUCT_PROD_NO
--------------------------------------------------------

   CREATE SEQUENCE  "SCOTT"."SEQ_PRODUCT_PROD_NO"  MINVALUE 1 MAXVALUE 999999999999999999999999999 INCREMENT BY 1 START WITH 10140 CACHE 20 NOORDER  NOCYCLE ;
--------------------------------------------------------
--  DDL for Sequence SEQ_TRANSACTION_TRAN_NO
--------------------------------------------------------

   CREATE SEQUENCE  "SCOTT"."SEQ_TRANSACTION_TRAN_NO"  MINVALUE 1 MAXVALUE 999999999999999999999999999 INCREMENT BY 1 START WITH 10140 CACHE 20 NOORDER  NOCYCLE ;
-- 내부 생성기를 시도하는 DBMS_METADATA로 SCOTT.BIN$u5tjFbQtQgyu7plUYzwW6w==$0 객체에 대한 TABLE DDL을 렌더링할 수 없습니다.
ALTER TABLE "BIN$u5tjFbQtQgyu7plUYzwW6w==$0"
ADD CONSTRAINT "BIN$HtBEUHmqS8mg1MduPAx6Rg==$0" CHECK 
("TITLE" IS NOT NULL)
ENABLE
ALTER TABLE "BIN$u5tjFbQtQgyu7plUYzwW6w==$0"
ADD CONSTRAINT "BIN$btaknWCbRyGgeZJKE0/0BQ==$0" CHECK 
("RATING" IS NOT NULL)
ENABLE
ALTER TABLE "BIN$u5tjFbQtQgyu7plUYzwW6w==$0"
ADD CONSTRAINT "BIN$ovYqd2I7QZuFG0ygyJhcwA==$0" CHECK 
("PROD_NO" IS NOT NULL)
ENABLE
ALTER TABLE "BIN$u5tjFbQtQgyu7plUYzwW6w==$0"
ADD CONSTRAINT "BIN$xxIuNiqFT/exD7UvMTRiXQ==$0" CHECK 
("USER_ID" IS NOT NULL)
ENABLECREATE TABLE "BIN$u5tjFbQtQgyu7plUYzwW6w==$0" 
(
  PROD_NO NUMBER(5, 0) NOT NULL 
, USER_ID VARCHAR2(15 BYTE) NOT NULL 
, TITLE VARCHAR2(20 BYTE) NOT NULL 
, TEXT VARCHAR2(300 BYTE) 
, RATING NUMBER(1, 0) NOT NULL 
, REVIEW_NO NUMBER(10, 0) NOT NULL 
)
--------------------------------------------------------
--  DDL for Table BONUS
--------------------------------------------------------

  CREATE TABLE "SCOTT"."BONUS" 
   (	"ENAME" VARCHAR2(10 BYTE), 
	"JOB" VARCHAR2(9 BYTE), 
	"SAL" NUMBER, 
	"COMM" NUMBER
   ) PCTFREE 10 PCTUSED 40 INITRANS 1 MAXTRANS 255 NOCOMPRESS LOGGING
  STORAGE(INITIAL 65536 NEXT 1048576 MINEXTENTS 1 MAXEXTENTS 2147483645
  PCTINCREASE 0 FREELISTS 1 FREELIST GROUPS 1 BUFFER_POOL DEFAULT)
  TABLESPACE "USERS" ;
--------------------------------------------------------
--  DDL for Table CART
--------------------------------------------------------

  CREATE TABLE "SCOTT"."CART" 
   (	"USER_ID" VARCHAR2(20 BYTE), 
	"PROD_NO" VARCHAR2(100 BYTE)
   ) PCTFREE 10 PCTUSED 40 INITRANS 1 MAXTRANS 255 NOCOMPRESS LOGGING
  STORAGE(INITIAL 65536 NEXT 1048576 MINEXTENTS 1 MAXEXTENTS 2147483645
  PCTINCREASE 0 FREELISTS 1 FREELIST GROUPS 1 BUFFER_POOL DEFAULT)
  TABLESPACE "USERS" ;
--------------------------------------------------------
--  DDL for Table CLIENT
--------------------------------------------------------

  CREATE TABLE "SCOTT"."CLIENT" 
   (	"NAME" VARCHAR2(50 BYTE), 
	"SEX" VARCHAR2(50 BYTE), 
	"BIRTH" VARCHAR2(50 BYTE) DEFAULT '0000', 
	"CALENDAR" VARCHAR2(50 BYTE), 
	"ACADEMICBACKGROUND" VARCHAR2(50 BYTE) DEFAULT '미입력', 
	"JOB" VARCHAR2(50 BYTE) DEFAULT '미입력', 
	"BELONGTO" VARCHAR2(50 BYTE) DEFAULT '미입력', 
	"MARITALSTATUS" VARCHAR2(50 BYTE), 
	"NUMOFCHILDREN" VARCHAR2(50 BYTE) DEFAULT '미입력', 
	"TELEPHONE" VARCHAR2(50 BYTE) DEFAULT '미입력', 
	"WHICHPLACE" VARCHAR2(50 BYTE) DEFAULT '미입력', 
	"CELLPHONE" VARCHAR2(50 BYTE) DEFAULT '미입력', 
	"TELECOM" VARCHAR2(50 BYTE) DEFAULT '미입력', 
	"ADDRESS" VARCHAR2(50 BYTE) DEFAULT '미입력'
   ) PCTFREE 10 PCTUSED 40 INITRANS 1 MAXTRANS 255 NOCOMPRESS LOGGING
  STORAGE(INITIAL 65536 NEXT 1048576 MINEXTENTS 1 MAXEXTENTS 2147483645
  PCTINCREASE 0 FREELISTS 1 FREELIST GROUPS 1 BUFFER_POOL DEFAULT)
  TABLESPACE "USERS" ;
--------------------------------------------------------
--  DDL for Table C_EMP
--------------------------------------------------------

  CREATE TABLE "SCOTT"."C_EMP" 
   (	"ID" NUMBER(5,0), 
	"NAME" CHAR(15 BYTE), 
	"SALARY" NUMBER(7,2), 
	"PHONE" CHAR(15 BYTE), 
	"DEPT_ID" NUMBER(7,0)
   ) PCTFREE 10 PCTUSED 40 INITRANS 1 MAXTRANS 255 NOCOMPRESS LOGGING
  STORAGE(INITIAL 65536 NEXT 1048576 MINEXTENTS 1 MAXEXTENTS 2147483645
  PCTINCREASE 0 FREELISTS 1 FREELIST GROUPS 1 BUFFER_POOL DEFAULT)
  TABLESPACE "USERS" ;
--------------------------------------------------------
--  DDL for Table DEPT
--------------------------------------------------------

  CREATE TABLE "SCOTT"."DEPT" 
   (	"DEPTNO" NUMBER(2,0), 
	"DNAME" VARCHAR2(14 BYTE), 
	"LOC" VARCHAR2(13 BYTE)
   ) PCTFREE 10 PCTUSED 40 INITRANS 1 MAXTRANS 255 NOCOMPRESS LOGGING
  STORAGE(INITIAL 65536 NEXT 1048576 MINEXTENTS 1 MAXEXTENTS 2147483645
  PCTINCREASE 0 FREELISTS 1 FREELIST GROUPS 1 BUFFER_POOL DEFAULT)
  TABLESPACE "USERS" ;
--------------------------------------------------------
--  DDL for Table EMP
--------------------------------------------------------

  CREATE TABLE "SCOTT"."EMP" 
   (	"EMPNO" NUMBER(4,0), 
	"ENAME" VARCHAR2(10 BYTE), 
	"JOB" VARCHAR2(9 BYTE), 
	"MGR" NUMBER(4,0), 
	"HIREDATE" DATE, 
	"SAL" NUMBER(7,2), 
	"COMM" NUMBER(7,2), 
	"DEPTNO" NUMBER(2,0)
   ) PCTFREE 10 PCTUSED 40 INITRANS 1 MAXTRANS 255 NOCOMPRESS LOGGING
  STORAGE(INITIAL 65536 NEXT 1048576 MINEXTENTS 1 MAXEXTENTS 2147483645
  PCTINCREASE 0 FREELISTS 1 FREELIST GROUPS 1 BUFFER_POOL DEFAULT)
  TABLESPACE "USERS" ;
--------------------------------------------------------
--  DDL for Table EMP_TEST
--------------------------------------------------------

  CREATE TABLE "SCOTT"."EMP_TEST" 
   (	"ID" NUMBER(3,0), 
	"NAME" VARCHAR2(15 BYTE), 
	"SALARY" NUMBER(7,2), 
	"TITLE" VARCHAR2(15 BYTE) DEFAULT '사원', 
	"IN_DATE" DATE DEFAULT SYSDATE, 
	"DEPT_NAME" VARCHAR2(15 BYTE)
   ) PCTFREE 10 PCTUSED 40 INITRANS 1 MAXTRANS 255 NOCOMPRESS LOGGING
  STORAGE(INITIAL 65536 NEXT 1048576 MINEXTENTS 1 MAXEXTENTS 2147483645
  PCTINCREASE 0 FREELISTS 1 FREELIST GROUPS 1 BUFFER_POOL DEFAULT)
  TABLESPACE "USERS" ;
--------------------------------------------------------
--  DDL for Table EMP_TEST01
--------------------------------------------------------

  CREATE TABLE "SCOTT"."EMP_TEST01" 
   (	"ID" NUMBER(3,0), 
	"NAME" VARCHAR2(12 BYTE), 
	"SALARY" NUMBER(7,2), 
	"TITLE" VARCHAR2(15 BYTE) DEFAULT '사원', 
	"IN_DATE" DATE DEFAULT SYSDATE, 
	"DEPT_NAME" VARCHAR2(15 BYTE)
   ) PCTFREE 10 PCTUSED 40 INITRANS 1 MAXTRANS 255 NOCOMPRESS LOGGING
  STORAGE(INITIAL 65536 NEXT 1048576 MINEXTENTS 1 MAXEXTENTS 2147483645
  PCTINCREASE 0 FREELISTS 1 FREELIST GROUPS 1 BUFFER_POOL DEFAULT)
  TABLESPACE "USERS" ;
--------------------------------------------------------
--  DDL for Table FIRSTJDBC
--------------------------------------------------------

  CREATE TABLE "SCOTT"."FIRSTJDBC" 
   (	"NO" NUMBER(3,0), 
	"NAME" VARCHAR2(20 BYTE), 
	"EMAIL" VARCHAR2(30 BYTE), 
	"ADDRESS" VARCHAR2(50 BYTE)
   ) PCTFREE 10 PCTUSED 40 INITRANS 1 MAXTRANS 255 NOCOMPRESS LOGGING
  STORAGE(INITIAL 65536 NEXT 1048576 MINEXTENTS 1 MAXEXTENTS 2147483645
  PCTINCREASE 0 FREELISTS 1 FREELIST GROUPS 1 BUFFER_POOL DEFAULT)
  TABLESPACE "USERS" ;
--------------------------------------------------------
--  DDL for Table HTMLDB_PLAN_TABLE
--------------------------------------------------------

  CREATE TABLE "SCOTT"."HTMLDB_PLAN_TABLE" 
   (	"STATEMENT_ID" VARCHAR2(30 BYTE), 
	"PLAN_ID" NUMBER, 
	"TIMESTAMP" DATE, 
	"REMARKS" VARCHAR2(4000 BYTE), 
	"OPERATION" VARCHAR2(30 BYTE), 
	"OPTIONS" VARCHAR2(255 BYTE), 
	"OBJECT_NODE" VARCHAR2(128 BYTE), 
	"OBJECT_OWNER" VARCHAR2(30 BYTE), 
	"OBJECT_NAME" VARCHAR2(30 BYTE), 
	"OBJECT_ALIAS" VARCHAR2(65 BYTE), 
	"OBJECT_INSTANCE" NUMBER(*,0), 
	"OBJECT_TYPE" VARCHAR2(30 BYTE), 
	"OPTIMIZER" VARCHAR2(255 BYTE), 
	"SEARCH_COLUMNS" NUMBER, 
	"ID" NUMBER(*,0), 
	"PARENT_ID" NUMBER(*,0), 
	"DEPTH" NUMBER(*,0), 
	"POSITION" NUMBER(*,0), 
	"COST" NUMBER(*,0), 
	"CARDINALITY" NUMBER(*,0), 
	"BYTES" NUMBER(*,0), 
	"OTHER_TAG" VARCHAR2(255 BYTE), 
	"PARTITION_START" VARCHAR2(255 BYTE), 
	"PARTITION_STOP" VARCHAR2(255 BYTE), 
	"PARTITION_ID" NUMBER(*,0), 
	"OTHER" LONG, 
	"DISTRIBUTION" VARCHAR2(30 BYTE), 
	"CPU_COST" NUMBER(*,0), 
	"IO_COST" NUMBER(*,0), 
	"TEMP_SPACE" NUMBER(*,0), 
	"ACCESS_PREDICATES" VARCHAR2(4000 BYTE), 
	"FILTER_PREDICATES" VARCHAR2(4000 BYTE), 
	"PROJECTION" VARCHAR2(4000 BYTE), 
	"TIME" NUMBER(*,0), 
	"QBLOCK_NAME" VARCHAR2(30 BYTE)
   ) PCTFREE 10 PCTUSED 40 INITRANS 1 MAXTRANS 255 NOCOMPRESS LOGGING
  STORAGE(INITIAL 65536 NEXT 1048576 MINEXTENTS 1 MAXEXTENTS 2147483645
  PCTINCREASE 0 FREELISTS 1 FREELIST GROUPS 1 BUFFER_POOL DEFAULT)
  TABLESPACE "USERS" ;
--------------------------------------------------------
--  DDL for Table MEMBER
--------------------------------------------------------

  CREATE TABLE "SCOTT"."MEMBER" 
   (	"NO" NUMBER, 
	"ID" VARCHAR2(10 BYTE), 
	"PWD" VARCHAR2(10 BYTE)
   ) PCTFREE 10 PCTUSED 40 INITRANS 1 MAXTRANS 255 NOCOMPRESS LOGGING
  STORAGE(INITIAL 65536 NEXT 1048576 MINEXTENTS 1 MAXEXTENTS 2147483645
  PCTINCREASE 0 FREELISTS 1 FREELIST GROUPS 1 BUFFER_POOL DEFAULT)
  TABLESPACE "USERS" ;
--------------------------------------------------------
--  DDL for Table PRODUCT
--------------------------------------------------------

  CREATE TABLE "SCOTT"."PRODUCT" 
   (	"PROD_NO" NUMBER, 
	"PROD_NAME" VARCHAR2(100 BYTE), 
	"PROD_DETAIL" VARCHAR2(200 BYTE), 
	"MANUFACTURE_DAY" VARCHAR2(10 BYTE), 
	"PRICE" NUMBER(10,0), 
	"IMAGE_FILE" VARCHAR2(100 BYTE), 
	"REG_DATE" DATE
   ) PCTFREE 10 PCTUSED 40 INITRANS 1 MAXTRANS 255 NOCOMPRESS LOGGING
  STORAGE(INITIAL 65536 NEXT 1048576 MINEXTENTS 1 MAXEXTENTS 2147483645
  PCTINCREASE 0 FREELISTS 1 FREELIST GROUPS 1 BUFFER_POOL DEFAULT)
  TABLESPACE "USERS" ;
--------------------------------------------------------
--  DDL for Table PRODUCT_STOCK
--------------------------------------------------------

  CREATE TABLE "SCOTT"."PRODUCT_STOCK" 
   (	"PROD_NO" NUMBER(5,0), 
	"STOCK" NUMBER(5,0)
   ) PCTFREE 10 PCTUSED 40 INITRANS 1 MAXTRANS 255 NOCOMPRESS LOGGING
  STORAGE(INITIAL 65536 NEXT 1048576 MINEXTENTS 1 MAXEXTENTS 2147483645
  PCTINCREASE 0 FREELISTS 1 FREELIST GROUPS 1 BUFFER_POOL DEFAULT)
  TABLESPACE "USERS" ;
--------------------------------------------------------
--  DDL for Table REVIEW
--------------------------------------------------------

  CREATE TABLE "SCOTT"."REVIEW" 
   (	"REVIEW_NO" NUMBER(5,0), 
	"PROD_NO" NUMBER(5,0), 
	"USER_ID" VARCHAR2(15 BYTE), 
	"TITLE" VARCHAR2(30 BYTE), 
	"TEXT" VARCHAR2(300 BYTE), 
	"IMAGE_FILE" VARCHAR2(100 BYTE), 
	"RATING" NUMBER(1,0), 
	"REG_DATE" DATE, 
	"TRAN_NO" NUMBER(5,0)
   ) PCTFREE 10 PCTUSED 40 INITRANS 1 MAXTRANS 255 NOCOMPRESS LOGGING
  STORAGE(INITIAL 65536 NEXT 1048576 MINEXTENTS 1 MAXEXTENTS 2147483645
  PCTINCREASE 0 FREELISTS 1 FREELIST GROUPS 1 BUFFER_POOL DEFAULT)
  TABLESPACE "USERS" ;
--------------------------------------------------------
--  DDL for Table SALGRADE
--------------------------------------------------------

  CREATE TABLE "SCOTT"."SALGRADE" 
   (	"GRADE" NUMBER, 
	"LOSAL" NUMBER, 
	"HISAL" NUMBER
   ) PCTFREE 10 PCTUSED 40 INITRANS 1 MAXTRANS 255 NOCOMPRESS LOGGING
  STORAGE(INITIAL 65536 NEXT 1048576 MINEXTENTS 1 MAXEXTENTS 2147483645
  PCTINCREASE 0 FREELISTS 1 FREELIST GROUPS 1 BUFFER_POOL DEFAULT)
  TABLESPACE "USERS" ;
--------------------------------------------------------
--  DDL for Table SAL_GRADE
--------------------------------------------------------

  CREATE TABLE "SCOTT"."SAL_GRADE" 
   (	"GRADE" CHAR(1 BYTE), 
	"LOSAL" NUMBER(4,0), 
	"HISAL" NUMBER(4,0)
   ) PCTFREE 10 PCTUSED 40 INITRANS 1 MAXTRANS 255 NOCOMPRESS LOGGING
  STORAGE(INITIAL 65536 NEXT 1048576 MINEXTENTS 1 MAXEXTENTS 2147483645
  PCTINCREASE 0 FREELISTS 1 FREELIST GROUPS 1 BUFFER_POOL DEFAULT)
  TABLESPACE "USERS" ;
--------------------------------------------------------
--  DDL for Table S_DEPT
--------------------------------------------------------

  CREATE TABLE "SCOTT"."S_DEPT" 
   (	"ID" NUMBER(7,0), 
	"DEPT_NAME" VARCHAR2(12 BYTE)
   ) PCTFREE 10 PCTUSED 40 INITRANS 1 MAXTRANS 255 NOCOMPRESS LOGGING
  STORAGE(INITIAL 65536 NEXT 1048576 MINEXTENTS 1 MAXEXTENTS 2147483645
  PCTINCREASE 0 FREELISTS 1 FREELIST GROUPS 1 BUFFER_POOL DEFAULT)
  TABLESPACE "USERS" ;
--------------------------------------------------------
--  DDL for Table TEST01
--------------------------------------------------------

  CREATE TABLE "SCOTT"."TEST01" 
   (	"NO" NUMBER, 
	"REMARK" VARCHAR2(10 BYTE)
   ) PCTFREE 10 PCTUSED 40 INITRANS 1 MAXTRANS 255 NOCOMPRESS LOGGING
  STORAGE(INITIAL 65536 NEXT 1048576 MINEXTENTS 1 MAXEXTENTS 2147483645
  PCTINCREASE 0 FREELISTS 1 FREELIST GROUPS 1 BUFFER_POOL DEFAULT)
  TABLESPACE "USERS" ;
--------------------------------------------------------
--  DDL for Table TRANSACTION
--------------------------------------------------------

  CREATE TABLE "SCOTT"."TRANSACTION" 
   (	"TRAN_NO" NUMBER, 
	"PROD_NO" NUMBER(16,0), 
	"BUYER_ID" VARCHAR2(20 BYTE), 
	"PAYMENT_OPTION" CHAR(3 BYTE), 
	"RECEIVER_NAME" VARCHAR2(20 BYTE), 
	"RECEIVER_PHONE" VARCHAR2(14 BYTE), 
	"DEMAILADDR" VARCHAR2(100 BYTE), 
	"DLVY_REQUEST" VARCHAR2(100 BYTE), 
	"TRAN_STATUS_CODE" CHAR(3 BYTE), 
	"ORDER_DATE" DATE, 
	"DLVY_DATE" DATE, 
	"QUANTITY" NUMBER(5,0)
   ) PCTFREE 10 PCTUSED 40 INITRANS 1 MAXTRANS 255 NOCOMPRESS LOGGING
  STORAGE(INITIAL 65536 NEXT 1048576 MINEXTENTS 1 MAXEXTENTS 2147483645
  PCTINCREASE 0 FREELISTS 1 FREELIST GROUPS 1 BUFFER_POOL DEFAULT)
  TABLESPACE "USERS" ;
--------------------------------------------------------
--  DDL for Table USERS
--------------------------------------------------------

  CREATE TABLE "SCOTT"."USERS" 
   (	"USER_ID" VARCHAR2(20 BYTE), 
	"USER_NAME" VARCHAR2(50 BYTE), 
	"PASSWORD" VARCHAR2(10 BYTE), 
	"ROLE" VARCHAR2(5 BYTE) DEFAULT 'user', 
	"SSN" VARCHAR2(13 BYTE), 
	"CELL_PHONE" VARCHAR2(14 BYTE), 
	"ADDR" VARCHAR2(100 BYTE), 
	"EMAIL" VARCHAR2(50 BYTE), 
	"REG_DATE" DATE
   ) PCTFREE 10 PCTUSED 40 INITRANS 1 MAXTRANS 255 NOCOMPRESS LOGGING
  STORAGE(INITIAL 65536 NEXT 1048576 MINEXTENTS 1 MAXEXTENTS 2147483645
  PCTINCREASE 0 FREELISTS 1 FREELIST GROUPS 1 BUFFER_POOL DEFAULT)
  TABLESPACE "USERS" ;
REM INSERTING into SCOTT."BIN$u5tjFbQtQgyu7plUYzwW6w==$0"
SET DEFINE OFF;
REM INSERTING into SCOTT.BONUS
SET DEFINE OFF;
REM INSERTING into SCOTT.CART
SET DEFINE OFF;
Insert into SCOTT.CART (USER_ID,PROD_NO) values ('user01','10004');
Insert into SCOTT.CART (USER_ID,PROD_NO) values ('user01','10002');
Insert into SCOTT.CART (USER_ID,PROD_NO) values ('user01','10006');
Insert into SCOTT.CART (USER_ID,PROD_NO) values ('user01','10001');
REM INSERTING into SCOTT.CLIENT
SET DEFINE OFF;
Insert into SCOTT.CLIENT (NAME,SEX,BIRTH,CALENDAR,ACADEMICBACKGROUND,JOB,BELONGTO,MARITALSTATUS,NUMOFCHILDREN,TELEPHONE,WHICHPLACE,CELLPHONE,TELECOM,ADDRESS) values ('이순신','남','1111-03-09','음력','대학교','직장인','비트','기혼','3명','--','집','010-2222-3333','SKT','서울');
Insert into SCOTT.CLIENT (NAME,SEX,BIRTH,CALENDAR,ACADEMICBACKGROUND,JOB,BELONGTO,MARITALSTATUS,NUMOFCHILDREN,TELEPHONE,WHICHPLACE,CELLPHONE,TELECOM,ADDRESS) values ('이유리','여','1996-02-14','양력','대학교','대학생',null,'미혼','선택','--','집','010-2319-3288','SKT','양재');
REM INSERTING into SCOTT.C_EMP
SET DEFINE OFF;
Insert into SCOTT.C_EMP (ID,NAME,SALARY,PHONE,DEPT_ID) values (201,'신입1        ',1500,'3429-0100      ',null);
Insert into SCOTT.C_EMP (ID,NAME,SALARY,PHONE,DEPT_ID) values (202,'신입2        ',1500,'3429-0200      ',null);
Insert into SCOTT.C_EMP (ID,NAME,SALARY,PHONE,DEPT_ID) values (101,'김사장      ',1000,'3429-0001      ',1);
Insert into SCOTT.C_EMP (ID,NAME,SALARY,PHONE,DEPT_ID) values (102,'홍길동      ',2000,'3429-0002      ',1);
Insert into SCOTT.C_EMP (ID,NAME,SALARY,PHONE,DEPT_ID) values (103,'홍길순      ',3000,'3429-0003      ',1);
Insert into SCOTT.C_EMP (ID,NAME,SALARY,PHONE,DEPT_ID) values (104,'이순신      ',4000,'3429-0004      ',2);
Insert into SCOTT.C_EMP (ID,NAME,SALARY,PHONE,DEPT_ID) values (105,'강감찬      ',5000,'3429-0005      ',2);
Insert into SCOTT.C_EMP (ID,NAME,SALARY,PHONE,DEPT_ID) values (106,'류시원      ',1100,'3429-0006      ',2);
Insert into SCOTT.C_EMP (ID,NAME,SALARY,PHONE,DEPT_ID) values (107,'이문세      ',1200,'3429-0007      ',3);
Insert into SCOTT.C_EMP (ID,NAME,SALARY,PHONE,DEPT_ID) values (108,'강호동      ',1300,'3429-0008      ',3);
Insert into SCOTT.C_EMP (ID,NAME,SALARY,PHONE,DEPT_ID) values (109,'강문영      ',1400,'3429-0009      ',3);
Insert into SCOTT.C_EMP (ID,NAME,SALARY,PHONE,DEPT_ID) values (110,'추현재      ',1500,'3429-0010      ',4);
Insert into SCOTT.C_EMP (ID,NAME,SALARY,PHONE,DEPT_ID) values (111,'박상민      ',2500,'3429-0011      ',4);
Insert into SCOTT.C_EMP (ID,NAME,SALARY,PHONE,DEPT_ID) values (112,'박상면      ',3500,'3429-0012      ',4);
Insert into SCOTT.C_EMP (ID,NAME,SALARY,PHONE,DEPT_ID) values (113,'유재석      ',4500,'3429-0013      ',5);
Insert into SCOTT.C_EMP (ID,NAME,SALARY,PHONE,DEPT_ID) values (114,'노무현      ',5500,'3429-0014      ',5);
Insert into SCOTT.C_EMP (ID,NAME,SALARY,PHONE,DEPT_ID) values (115,'전두환      ',1000,'3429-0015      ',5);
Insert into SCOTT.C_EMP (ID,NAME,SALARY,PHONE,DEPT_ID) values (116,'김일성      ',2000,'3429-0016      ',6);
Insert into SCOTT.C_EMP (ID,NAME,SALARY,PHONE,DEPT_ID) values (117,'김정일      ',3000,'3429-0017      ',6);
REM INSERTING into SCOTT.DEPT
SET DEFINE OFF;
Insert into SCOTT.DEPT (DEPTNO,DNAME,LOC) values (10,'ACCOUNTING','NEW YORK');
Insert into SCOTT.DEPT (DEPTNO,DNAME,LOC) values (20,'RESEARCH','DALLAS');
Insert into SCOTT.DEPT (DEPTNO,DNAME,LOC) values (30,'SALES','CHICAGO');
Insert into SCOTT.DEPT (DEPTNO,DNAME,LOC) values (40,'OPERATIONS','BOSTON');
REM INSERTING into SCOTT.EMP
SET DEFINE OFF;
Insert into SCOTT.EMP (EMPNO,ENAME,JOB,MGR,HIREDATE,SAL,COMM,DEPTNO) values (7369,'SMITH','CLERK',7902,to_date('80/12/17','RR/MM/DD'),800,null,20);
Insert into SCOTT.EMP (EMPNO,ENAME,JOB,MGR,HIREDATE,SAL,COMM,DEPTNO) values (7499,'ALLEN','SALESMAN',7698,to_date('81/02/20','RR/MM/DD'),1600,300,30);
Insert into SCOTT.EMP (EMPNO,ENAME,JOB,MGR,HIREDATE,SAL,COMM,DEPTNO) values (7521,'WARD','SALESMAN',7698,to_date('81/02/22','RR/MM/DD'),1250,500,30);
Insert into SCOTT.EMP (EMPNO,ENAME,JOB,MGR,HIREDATE,SAL,COMM,DEPTNO) values (7566,'JONES','MANAGER',7839,to_date('81/04/02','RR/MM/DD'),2975,null,20);
Insert into SCOTT.EMP (EMPNO,ENAME,JOB,MGR,HIREDATE,SAL,COMM,DEPTNO) values (7654,'MARTIN','SALESMAN',7698,to_date('81/09/28','RR/MM/DD'),1250,1400,30);
Insert into SCOTT.EMP (EMPNO,ENAME,JOB,MGR,HIREDATE,SAL,COMM,DEPTNO) values (7698,'BLAKE','MANAGER',7839,to_date('81/05/01','RR/MM/DD'),2850,null,30);
Insert into SCOTT.EMP (EMPNO,ENAME,JOB,MGR,HIREDATE,SAL,COMM,DEPTNO) values (7782,'CLARK','MANAGER',7839,to_date('81/06/09','RR/MM/DD'),2450,null,10);
Insert into SCOTT.EMP (EMPNO,ENAME,JOB,MGR,HIREDATE,SAL,COMM,DEPTNO) values (7788,'SCOTT','ANALYST',7566,to_date('82/12/09','RR/MM/DD'),3000,null,20);
Insert into SCOTT.EMP (EMPNO,ENAME,JOB,MGR,HIREDATE,SAL,COMM,DEPTNO) values (7839,'KING','PRESIDENT',null,to_date('81/11/17','RR/MM/DD'),5000,null,10);
Insert into SCOTT.EMP (EMPNO,ENAME,JOB,MGR,HIREDATE,SAL,COMM,DEPTNO) values (7844,'TURNER','SALESMAN',7698,to_date('81/09/08','RR/MM/DD'),1500,0,30);
Insert into SCOTT.EMP (EMPNO,ENAME,JOB,MGR,HIREDATE,SAL,COMM,DEPTNO) values (7876,'ADAMS','CLERK',7788,to_date('83/01/12','RR/MM/DD'),1100,null,20);
Insert into SCOTT.EMP (EMPNO,ENAME,JOB,MGR,HIREDATE,SAL,COMM,DEPTNO) values (7900,'JAMES','CLERK',7698,to_date('81/12/03','RR/MM/DD'),950,null,30);
Insert into SCOTT.EMP (EMPNO,ENAME,JOB,MGR,HIREDATE,SAL,COMM,DEPTNO) values (7902,'FORD','ANALYST',7566,to_date('81/12/03','RR/MM/DD'),3000,null,20);
Insert into SCOTT.EMP (EMPNO,ENAME,JOB,MGR,HIREDATE,SAL,COMM,DEPTNO) values (7934,'MILLER','CLERK',7782,to_date('82/01/23','RR/MM/DD'),1300,null,10);
REM INSERTING into SCOTT.EMP_TEST
SET DEFINE OFF;
Insert into SCOTT.EMP_TEST (ID,NAME,SALARY,TITLE,IN_DATE,DEPT_NAME) values (111,'김유신111',1111,'대리11',to_date('01/01/01','RR/MM/DD'),'영업부');
Insert into SCOTT.EMP_TEST (ID,NAME,SALARY,TITLE,IN_DATE,DEPT_NAME) values (222,'김유신222',2,'대리22',to_date('02/02/02','RR/MM/DD'),'영업부');
Insert into SCOTT.EMP_TEST (ID,NAME,SALARY,TITLE,IN_DATE,DEPT_NAME) values (333,'333김유신',3333,'33대리',to_date('03/03/03','RR/MM/DD'),'영업부');
Insert into SCOTT.EMP_TEST (ID,NAME,SALARY,TITLE,IN_DATE,DEPT_NAME) values (444,'444김유신',4,'44대리',to_date('04/04/04','RR/MM/DD'),'영업부');
Insert into SCOTT.EMP_TEST (ID,NAME,SALARY,TITLE,IN_DATE,DEPT_NAME) values (555,'이순신555',5555,'부장',to_date('05/05/05','RR/MM/DD'),'관리부');
Insert into SCOTT.EMP_TEST (ID,NAME,SALARY,TITLE,IN_DATE,DEPT_NAME) values (666,'이순신666',6,null,to_date('06/06/06','RR/MM/DD'),'관리부');
Insert into SCOTT.EMP_TEST (ID,NAME,SALARY,TITLE,IN_DATE,DEPT_NAME) values (777,'주몽777',7777,null,to_date('07/07/07','RR/MM/DD'),'기획부');
Insert into SCOTT.EMP_TEST (ID,NAME,SALARY,TITLE,IN_DATE,DEPT_NAME) values (888,'평민888',null,'대리',to_date('08/08/08','RR/MM/DD'),'영업부');
Insert into SCOTT.EMP_TEST (ID,NAME,SALARY,TITLE,IN_DATE,DEPT_NAME) values (990,'한국990',99,null,to_date('09/09/09','RR/MM/DD'),'기획부');
Insert into SCOTT.EMP_TEST (ID,NAME,SALARY,TITLE,IN_DATE,DEPT_NAME) values (991,'꺽다리991',null,null,to_date('19/04/11','RR/MM/DD'),'영업부');
Insert into SCOTT.EMP_TEST (ID,NAME,SALARY,TITLE,IN_DATE,DEPT_NAME) values (992,'짠돌이992',9,'과장',to_date('09/09/09','RR/MM/DD'),'관리부');
REM INSERTING into SCOTT.EMP_TEST01
SET DEFINE OFF;
Insert into SCOTT.EMP_TEST01 (ID,NAME,SALARY,TITLE,IN_DATE,DEPT_NAME) values (1,'홍길동',2000,'부장',to_date('19/03/21','RR/MM/DD'),'총무부');
REM INSERTING into SCOTT.FIRSTJDBC
SET DEFINE OFF;
Insert into SCOTT.FIRSTJDBC (NO,NAME,EMAIL,ADDRESS) values (1,'홍길동','a@lycos.co.kr','한양');
Insert into SCOTT.FIRSTJDBC (NO,NAME,EMAIL,ADDRESS) values (2,'홍길순','b@lycos.co.kr','한양');
Insert into SCOTT.FIRSTJDBC (NO,NAME,EMAIL,ADDRESS) values (3,'이순신','c@lycos.co.kr','한양');
REM INSERTING into SCOTT.HTMLDB_PLAN_TABLE
SET DEFINE OFF;
Insert into SCOTT.HTMLDB_PLAN_TABLE (STATEMENT_ID,PLAN_ID,TIMESTAMP,REMARKS,OPERATION,OPTIONS,OBJECT_NODE,OBJECT_OWNER,OBJECT_NAME,OBJECT_ALIAS,OBJECT_INSTANCE,OBJECT_TYPE,OPTIMIZER,SEARCH_COLUMNS,ID,PARENT_ID,DEPTH,POSITION,COST,CARDINALITY,BYTES,OTHER_TAG,PARTITION_START,PARTITION_STOP,PARTITION_ID,OTHER,DISTRIBUTION,CPU_COST,IO_COST,TEMP_SPACE,ACCESS_PREDICATES,FILTER_PREDICATES,PROJECTION,TIME,QBLOCK_NAME) values ('7110726674069359',2,to_date('19/04/01','RR/MM/DD'),null,'SELECT STATEMENT',null,null,null,null,null,null,null,'ALL_ROWS',null,0,null,0,3,3,1,486,null,null,null,null,null,null,36097,3,null,null,null,null,1,null);
Insert into SCOTT.HTMLDB_PLAN_TABLE (STATEMENT_ID,PLAN_ID,TIMESTAMP,REMARKS,OPERATION,OPTIONS,OBJECT_NODE,OBJECT_OWNER,OBJECT_NAME,OBJECT_ALIAS,OBJECT_INSTANCE,OBJECT_TYPE,OPTIMIZER,SEARCH_COLUMNS,ID,PARENT_ID,DEPTH,POSITION,COST,CARDINALITY,BYTES,OTHER_TAG,PARTITION_START,PARTITION_STOP,PARTITION_ID,OTHER,DISTRIBUTION,CPU_COST,IO_COST,TEMP_SPACE,ACCESS_PREDICATES,FILTER_PREDICATES,PROJECTION,TIME,QBLOCK_NAME) values ('7110726674069359',2,to_date('19/04/01','RR/MM/DD'),'<remarks><info type="db_version">10.2.0.1</info><info type="parse_schema"><![CDATA["SCOTT"]]></info><info type="dynamic_sampling">yes</info><info type="plan_hash">3057461031</info><outline_data><hint><![CDATA[FULL(@"SEL$1" "CLIENT"@"SEL$1")]]></hint><hint><![CDATA[OUTLINE_LEAF(@"SEL$1")]]></hint><hint><![CDATA[ALL_ROWS]]></hint><hint><![CDATA[OPTIMIZER_FEATURES_ENABLE(''10.2.0.1'')]]></hint><hint><![CDATA[IGNORE_OPTIM_EMBEDDED_HINTS]]></hint></outline_data></remarks>','TABLE ACCESS','FULL',null,'SCOTT','CLIENT','CLIENT@SEL$1',1,'TABLE',null,null,1,0,1,1,3,1,486,null,null,null,null,null,null,36097,3,null,null,null,'"CLIENT"."ID"[VARCHAR2,50], "CLIENT"."PWD"[VARCHAR2,50], "CLIENT"."NAME"[VARCHAR2,50], "CLIENT"."SEX"[VARCHAR2,50], "CLIENT"."YEAROFBIRTH"[VARCHAR2,50], "CLIENT"."MONTHOFBIRTH"[VARCHAR2,50], "CLIENT"."DAYOFBIRTH"[VARCHAR2,50], "CLIENT"."CALENDAR"[VARCHAR2,50], "CLIENT"."ACADEMICBACKGROUND"[VARCHAR2,50], "CLIENT"."JOB"[VARCHAR2,50], "CLIENT"."BELONGTO"[VARCHAR2,50], "CLIENT"."MARITALSTATUS"[VARCHAR2,50], "CLIENT"."NUMOFCHILDREN"[VARCHAR2,50], "CLIENT"."TELEPHONE"[VARCHAR2,50], "CLIENT"."WHICHPLACE"[VARCHAR2,50], "CLIENT"."CELLPHONE"[VARCHAR2,50], "CLIENT"."TELECOM"[VARCHAR2,50], "CLIENT"."ADDRESS"[VARCHAR2,50]',1,'SEL$1');
Insert into SCOTT.HTMLDB_PLAN_TABLE (STATEMENT_ID,PLAN_ID,TIMESTAMP,REMARKS,OPERATION,OPTIONS,OBJECT_NODE,OBJECT_OWNER,OBJECT_NAME,OBJECT_ALIAS,OBJECT_INSTANCE,OBJECT_TYPE,OPTIMIZER,SEARCH_COLUMNS,ID,PARENT_ID,DEPTH,POSITION,COST,CARDINALITY,BYTES,OTHER_TAG,PARTITION_START,PARTITION_STOP,PARTITION_ID,OTHER,DISTRIBUTION,CPU_COST,IO_COST,TEMP_SPACE,ACCESS_PREDICATES,FILTER_PREDICATES,PROJECTION,TIME,QBLOCK_NAME) values ('6943727714615864',1,to_date('19/03/20','RR/MM/DD'),null,'SELECT STATEMENT',null,null,null,null,null,null,null,'ALL_ROWS',null,0,null,0,3,3,7,434,null,null,null,null,null,null,37357,3,null,null,null,null,1,null);
Insert into SCOTT.HTMLDB_PLAN_TABLE (STATEMENT_ID,PLAN_ID,TIMESTAMP,REMARKS,OPERATION,OPTIONS,OBJECT_NODE,OBJECT_OWNER,OBJECT_NAME,OBJECT_ALIAS,OBJECT_INSTANCE,OBJECT_TYPE,OPTIMIZER,SEARCH_COLUMNS,ID,PARENT_ID,DEPTH,POSITION,COST,CARDINALITY,BYTES,OTHER_TAG,PARTITION_START,PARTITION_STOP,PARTITION_ID,OTHER,DISTRIBUTION,CPU_COST,IO_COST,TEMP_SPACE,ACCESS_PREDICATES,FILTER_PREDICATES,PROJECTION,TIME,QBLOCK_NAME) values ('6943727714615864',1,to_date('19/03/20','RR/MM/DD'),'<remarks><info type="db_version">10.2.0.1</info><info type="parse_schema"><![CDATA["SCOTT"]]></info><info type="dynamic_sampling">yes</info><info type="plan_hash">3124080142</info><outline_data><hint><![CDATA[FULL(@"SEL$1" "EMP_TEST"@"SEL$1")]]></hint><hint><![CDATA[OUTLINE_LEAF(@"SEL$1")]]></hint><hint><![CDATA[ALL_ROWS]]></hint><hint><![CDATA[OPTIMIZER_FEATURES_ENABLE(''10.2.0.1'')]]></hint><hint><![CDATA[IGNORE_OPTIM_EMBEDDED_HINTS]]></hint></outline_data></remarks>','TABLE ACCESS','FULL',null,'SCOTT','EMP_TEST','EMP_TEST@SEL$1',1,'TABLE',null,null,1,0,1,1,3,7,434,null,null,null,null,null,null,37357,3,null,null,null,'"EMP_TEST"."ID"[NUMBER,22], "EMP_TEST"."NAME"[VARCHAR2,15], "EMP_TEST"."SALARY"[NUMBER,22], "EMP_TEST"."TITLE"[VARCHAR2,15], "EMP_TEST"."IN_DATE"[DATE,7], "EMP_TEST"."DEPT_NAME"[VARCHAR2,15]',1,'SEL$1');
REM INSERTING into SCOTT.MEMBER
SET DEFINE OFF;
Insert into SCOTT.MEMBER (NO,ID,PWD) values (1,'홍길동','qwerty');
Insert into SCOTT.MEMBER (NO,ID,PWD) values (2,'홍길순','12345');
Insert into SCOTT.MEMBER (NO,ID,PWD) values (5,'안녕','1234');
Insert into SCOTT.MEMBER (NO,ID,PWD) values (3,'이순신','1234');
Insert into SCOTT.MEMBER (NO,ID,PWD) values (4,'안녕','1234');
REM INSERTING into SCOTT.PRODUCT
SET DEFINE OFF;
Insert into SCOTT.PRODUCT (PROD_NO,PROD_NAME,PROD_DETAIL,MANUFACTURE_DAY,PRICE,IMAGE_FILE,REG_DATE) values (10120,'오토바이여러개','많이 많이 팝니다 ','2019-05-23',456789,'12655_75624_5619.jpg,29846_6599_0752.png,다운로드.jpg',to_date('19/05/23','RR/MM/DD'));
Insert into SCOTT.PRODUCT (PROD_NO,PROD_NAME,PROD_DETAIL,MANUFACTURE_DAY,PRICE,IMAGE_FILE,REG_DATE) values (10122,'imagetest','test','2019-05-24',456789,'12655_75624_5619.jpg',to_date('19/05/24','RR/MM/DD'));
Insert into SCOTT.PRODUCT (PROD_NO,PROD_NAME,PROD_DETAIL,MANUFACTURE_DAY,PRICE,IMAGE_FILE,REG_DATE) values (10123,'multiimagetest','tetst','2019-05-24',456789,'12655_75624_5619.jpg,29846_6599_0752.png,다운로드.jpg',to_date('19/05/24','RR/MM/DD'));
Insert into SCOTT.PRODUCT (PROD_NO,PROD_NAME,PROD_DETAIL,MANUFACTURE_DAY,PRICE,IMAGE_FILE,REG_DATE) values (10000,'vaio vgn FS70B','소니 바이오 노트북 신동품','20120514',2000000,'AHlbAAAAtBqyWAAA.jpg',to_date('12/12/14','RR/MM/DD'));
Insert into SCOTT.PRODUCT (PROD_NO,PROD_NAME,PROD_DETAIL,MANUFACTURE_DAY,PRICE,IMAGE_FILE,REG_DATE) values (10001,'자전거','자전거 좋아요~','20120514',10000,'AHlbAAAAvetFNwAA.jpg',to_date('12/11/14','RR/MM/DD'));
Insert into SCOTT.PRODUCT (PROD_NO,PROD_NAME,PROD_DETAIL,MANUFACTURE_DAY,PRICE,IMAGE_FILE,REG_DATE) values (10002,'보르도','최고 디자인 신품','20120216',1170000,'AHlbAAAAvewfegAB.jpg',to_date('12/10/14','RR/MM/DD'));
Insert into SCOTT.PRODUCT (PROD_NO,PROD_NAME,PROD_DETAIL,MANUFACTURE_DAY,PRICE,IMAGE_FILE,REG_DATE) values (10003,'보드세트','한시즌 밖에 안썼습니다. 눈물을 머금고 내놓음 ㅠ.ㅠ','20120217',200000,'1222222223.png',to_date('12/11/14','RR/MM/DD'));
Insert into SCOTT.PRODUCT (PROD_NO,PROD_NAME,PROD_DETAIL,MANUFACTURE_DAY,PRICE,IMAGE_FILE,REG_DATE) values (10004,'인라인','좋아욥','20120819',20000,'AHlbAAAAve37LwAD.jpg',to_date('12/11/14','RR/MM/DD'));
Insert into SCOTT.PRODUCT (PROD_NO,PROD_NAME,PROD_DETAIL,MANUFACTURE_DAY,PRICE,IMAGE_FILE,REG_DATE) values (10005,'삼성센스 2G','sens 메모리 2Giga','20121121',800000,'AHlbAAAAtBqyWAAA.jpg',to_date('12/11/14','RR/MM/DD'));
Insert into SCOTT.PRODUCT (PROD_NO,PROD_NAME,PROD_DETAIL,MANUFACTURE_DAY,PRICE,IMAGE_FILE,REG_DATE) values (10006,'연꽃','정원을 가꿔보세요','20121022',232300,'AHlbAAAAtDPSiQAA.jpg',to_date('12/11/15','RR/MM/DD'));
Insert into SCOTT.PRODUCT (PROD_NO,PROD_NAME,PROD_DETAIL,MANUFACTURE_DAY,PRICE,IMAGE_FILE,REG_DATE) values (10007,'삼성센스','노트북','20120212',600000,'AHlbAAAAug1vsgAA.jpg',to_date('12/11/12','RR/MM/DD'));
Insert into SCOTT.PRODUCT (PROD_NO,PROD_NAME,PROD_DETAIL,MANUFACTURE_DAY,PRICE,IMAGE_FILE,REG_DATE) values (10085,'오토바이','별다방','20190502',152000,'null1222222223 - 복사본 (4).png1222222223 - 복사본 (5).png',to_date('19/05/10','RR/MM/DD'));
Insert into SCOTT.PRODUCT (PROD_NO,PROD_NAME,PROD_DETAIL,MANUFACTURE_DAY,PRICE,IMAGE_FILE,REG_DATE) values (10093,'ㅁㄴㅇㄹ','별다방','20190501',152000,'1222222223.png',to_date('19/05/10','RR/MM/DD'));
Insert into SCOTT.PRODUCT (PROD_NO,PROD_NAME,PROD_DETAIL,MANUFACTURE_DAY,PRICE,IMAGE_FILE,REG_DATE) values (10100,'var','1111','2019-05-01',123,'1222222223.png',to_date('19/05/16','RR/MM/DD'));
Insert into SCOTT.PRODUCT (PROD_NO,PROD_NAME,PROD_DETAIL,MANUFACTURE_DAY,PRICE,IMAGE_FILE,REG_DATE) values (10097,'오토바이','별다방','2019-05-01',152000,'asdfasdf.png',to_date('19/05/14','RR/MM/DD'));
Insert into SCOTT.PRODUCT (PROD_NO,PROD_NAME,PROD_DETAIL,MANUFACTURE_DAY,PRICE,IMAGE_FILE,REG_DATE) values (10121,'add','test','2019-05-01',456789,null,to_date('19/05/24','RR/MM/DD'));
REM INSERTING into SCOTT.PRODUCT_STOCK
SET DEFINE OFF;
Insert into SCOTT.PRODUCT_STOCK (PROD_NO,STOCK) values (10120,123);
Insert into SCOTT.PRODUCT_STOCK (PROD_NO,STOCK) values (10122,123);
Insert into SCOTT.PRODUCT_STOCK (PROD_NO,STOCK) values (10123,123);
Insert into SCOTT.PRODUCT_STOCK (PROD_NO,STOCK) values (10085,0);
Insert into SCOTT.PRODUCT_STOCK (PROD_NO,STOCK) values (10100,33);
Insert into SCOTT.PRODUCT_STOCK (PROD_NO,STOCK) values (10093,13);
Insert into SCOTT.PRODUCT_STOCK (PROD_NO,STOCK) values (10000,0);
Insert into SCOTT.PRODUCT_STOCK (PROD_NO,STOCK) values (10001,0);
Insert into SCOTT.PRODUCT_STOCK (PROD_NO,STOCK) values (10002,1);
Insert into SCOTT.PRODUCT_STOCK (PROD_NO,STOCK) values (10003,2);
Insert into SCOTT.PRODUCT_STOCK (PROD_NO,STOCK) values (10004,2);
Insert into SCOTT.PRODUCT_STOCK (PROD_NO,STOCK) values (10005,1);
Insert into SCOTT.PRODUCT_STOCK (PROD_NO,STOCK) values (10006,2);
Insert into SCOTT.PRODUCT_STOCK (PROD_NO,STOCK) values (10007,2);
Insert into SCOTT.PRODUCT_STOCK (PROD_NO,STOCK) values (10097,999);
Insert into SCOTT.PRODUCT_STOCK (PROD_NO,STOCK) values (10121,123);
REM INSERTING into SCOTT.REVIEW
SET DEFINE OFF;
Insert into SCOTT.REVIEW (REVIEW_NO,PROD_NO,USER_ID,TITLE,TEXT,IMAGE_FILE,RATING,REG_DATE,TRAN_NO) values (10012,10001,'user01','ㅁㄴㅇㄻㄴㅇㄻㄴ','ㅂㅈㄷㄱ<br/>ㅁㄴㅇㄹ<br/>ㅋㅌㅊㅍ',null,5,to_date('19/05/22','RR/MM/DD'),10060);
Insert into SCOTT.REVIEW (REVIEW_NO,PROD_NO,USER_ID,TITLE,TEXT,IMAGE_FILE,RATING,REG_DATE,TRAN_NO) values (10014,10085,'user01','배송빨라요','좋아요<br/>123<br/>ㅁㄴㅇㄹ','1558484492167.jpg,1558484492173.png,1558484492175.jpg',5,to_date('19/05/22','RR/MM/DD'),10065);
Insert into SCOTT.REVIEW (REVIEW_NO,PROD_NO,USER_ID,TITLE,TEXT,IMAGE_FILE,RATING,REG_DATE,TRAN_NO) values (10010,10001,'user01','title','tetetetetetetetetetetetetetetet',null,4,to_date('19/05/21','RR/MM/DD'),10059);
REM INSERTING into SCOTT.SALGRADE
SET DEFINE OFF;
Insert into SCOTT.SALGRADE (GRADE,LOSAL,HISAL) values (1,700,1200);
Insert into SCOTT.SALGRADE (GRADE,LOSAL,HISAL) values (2,1201,1400);
Insert into SCOTT.SALGRADE (GRADE,LOSAL,HISAL) values (3,1401,2000);
Insert into SCOTT.SALGRADE (GRADE,LOSAL,HISAL) values (4,2001,3000);
Insert into SCOTT.SALGRADE (GRADE,LOSAL,HISAL) values (5,3001,9999);
REM INSERTING into SCOTT.SAL_GRADE
SET DEFINE OFF;
Insert into SCOTT.SAL_GRADE (GRADE,LOSAL,HISAL) values ('A',4000,5999);
Insert into SCOTT.SAL_GRADE (GRADE,LOSAL,HISAL) values ('B',3000,3999);
Insert into SCOTT.SAL_GRADE (GRADE,LOSAL,HISAL) values ('C',2000,2999);
Insert into SCOTT.SAL_GRADE (GRADE,LOSAL,HISAL) values ('D',1000,1999);
REM INSERTING into SCOTT.S_DEPT
SET DEFINE OFF;
Insert into SCOTT.S_DEPT (ID,DEPT_NAME) values (1,'총무부');
Insert into SCOTT.S_DEPT (ID,DEPT_NAME) values (2,'개발부');
Insert into SCOTT.S_DEPT (ID,DEPT_NAME) values (3,'영업부');
Insert into SCOTT.S_DEPT (ID,DEPT_NAME) values (4,'인사부');
Insert into SCOTT.S_DEPT (ID,DEPT_NAME) values (5,'자재부');
Insert into SCOTT.S_DEPT (ID,DEPT_NAME) values (6,'회계부');
REM INSERTING into SCOTT.TEST01
SET DEFINE OFF;
REM INSERTING into SCOTT.TRANSACTION
SET DEFINE OFF;
Insert into SCOTT.TRANSACTION (TRAN_NO,PROD_NO,BUYER_ID,PAYMENT_OPTION,RECEIVER_NAME,RECEIVER_PHONE,DEMAILADDR,DLVY_REQUEST,TRAN_STATUS_CODE,ORDER_DATE,DLVY_DATE,QUANTITY) values (10120,10005,'user01','0  ','주소구매확인','01099999888','34672,대전 동구 판교1길 3,강남 ㅇㅇ','123','1  ',to_date('19/05/20','RR/MM/DD'),to_date('19/05/06','RR/MM/DD'),1);
Insert into SCOTT.TRANSACTION (TRAN_NO,PROD_NO,BUYER_ID,PAYMENT_OPTION,RECEIVER_NAME,RECEIVER_PHONE,DEMAILADDR,DLVY_REQUEST,TRAN_STATUS_CODE,ORDER_DATE,DLVY_DATE,QUANTITY) values (10059,10001,'user01','0  ','SCOTT',null,null,null,'3  ',to_date('19/05/07','RR/MM/DD'),null,1);
Insert into SCOTT.TRANSACTION (TRAN_NO,PROD_NO,BUYER_ID,PAYMENT_OPTION,RECEIVER_NAME,RECEIVER_PHONE,DEMAILADDR,DLVY_REQUEST,TRAN_STATUS_CODE,ORDER_DATE,DLVY_DATE,QUANTITY) values (10061,10000,'user02','0  ','SCOTT',null,null,null,'2  ',to_date('19/05/08','RR/MM/DD'),null,2);
Insert into SCOTT.TRANSACTION (TRAN_NO,PROD_NO,BUYER_ID,PAYMENT_OPTION,RECEIVER_NAME,RECEIVER_PHONE,DEMAILADDR,DLVY_REQUEST,TRAN_STATUS_CODE,ORDER_DATE,DLVY_DATE,QUANTITY) values (10060,10001,'user01','0  ','SCOTT',null,null,null,'3  ',to_date('19/05/07','RR/MM/DD'),null,1);
Insert into SCOTT.TRANSACTION (TRAN_NO,PROD_NO,BUYER_ID,PAYMENT_OPTION,RECEIVER_NAME,RECEIVER_PHONE,DEMAILADDR,DLVY_REQUEST,TRAN_STATUS_CODE,ORDER_DATE,DLVY_DATE,QUANTITY) values (10062,10002,'user03','0  ','SCOTT',null,null,null,'0  ',to_date('19/05/08','RR/MM/DD'),null,0);
Insert into SCOTT.TRANSACTION (TRAN_NO,PROD_NO,BUYER_ID,PAYMENT_OPTION,RECEIVER_NAME,RECEIVER_PHONE,DEMAILADDR,DLVY_REQUEST,TRAN_STATUS_CODE,ORDER_DATE,DLVY_DATE,QUANTITY) values (10064,10002,'user01','0  ','취소고학인ㅇ','01010000000','이이이','취소','0  ',to_date('19/05/10','RR/MM/DD'),null,1);
Insert into SCOTT.TRANSACTION (TRAN_NO,PROD_NO,BUYER_ID,PAYMENT_OPTION,RECEIVER_NAME,RECEIVER_PHONE,DEMAILADDR,DLVY_REQUEST,TRAN_STATUS_CODE,ORDER_DATE,DLVY_DATE,QUANTITY) values (10065,10085,'user01','1  ','SCOTT','00000000','asdf','ㄴㅇㅀㄷㄷㄷㄷ','3  ',to_date('19/05/10','RR/MM/DD'),to_date('19/05/01','RR/MM/DD'),1110);
Insert into SCOTT.TRANSACTION (TRAN_NO,PROD_NO,BUYER_ID,PAYMENT_OPTION,RECEIVER_NAME,RECEIVER_PHONE,DEMAILADDR,DLVY_REQUEST,TRAN_STATUS_CODE,ORDER_DATE,DLVY_DATE,QUANTITY) values (10066,10006,'user01','0  ','SCOTT',null,null,null,'0  ',to_date('19/05/10','RR/MM/DD'),null,2);
Insert into SCOTT.TRANSACTION (TRAN_NO,PROD_NO,BUYER_ID,PAYMENT_OPTION,RECEIVER_NAME,RECEIVER_PHONE,DEMAILADDR,DLVY_REQUEST,TRAN_STATUS_CODE,ORDER_DATE,DLVY_DATE,QUANTITY) values (10067,10085,'user01','0  ','SCOTT',null,null,null,'3  ',to_date('19/05/10','RR/MM/DD'),null,1);
Insert into SCOTT.TRANSACTION (TRAN_NO,PROD_NO,BUYER_ID,PAYMENT_OPTION,RECEIVER_NAME,RECEIVER_PHONE,DEMAILADDR,DLVY_REQUEST,TRAN_STATUS_CODE,ORDER_DATE,DLVY_DATE,QUANTITY) values (10097,10004,'user01','1  ','장바',null,null,null,'3  ',to_date('19/05/15','RR/MM/DD'),null,1);
Insert into SCOTT.TRANSACTION (TRAN_NO,PROD_NO,BUYER_ID,PAYMENT_OPTION,RECEIVER_NAME,RECEIVER_PHONE,DEMAILADDR,DLVY_REQUEST,TRAN_STATUS_CODE,ORDER_DATE,DLVY_DATE,QUANTITY) values (10096,10093,'user01','0  ','장바구니','10099998888','qlxm','2cmd','1  ',to_date('19/05/15','RR/MM/DD'),to_date('19/05/01','RR/MM/DD'),1);
Insert into SCOTT.TRANSACTION (TRAN_NO,PROD_NO,BUYER_ID,PAYMENT_OPTION,RECEIVER_NAME,RECEIVER_PHONE,DEMAILADDR,DLVY_REQUEST,TRAN_STATUS_CODE,ORDER_DATE,DLVY_DATE,QUANTITY) values (10098,10097,'user01','1  ','장바',null,null,null,'2  ',to_date('19/05/15','RR/MM/DD'),null,1);
Insert into SCOTT.TRANSACTION (TRAN_NO,PROD_NO,BUYER_ID,PAYMENT_OPTION,RECEIVER_NAME,RECEIVER_PHONE,DEMAILADDR,DLVY_REQUEST,TRAN_STATUS_CODE,ORDER_DATE,DLVY_DATE,QUANTITY) values (10100,10004,'user01','0  ','SCOTT','asdf','asdf','asdf','2  ',to_date('19/05/16','RR/MM/DD'),to_date('19/05/01','RR/MM/DD'),2);
Insert into SCOTT.TRANSACTION (TRAN_NO,PROD_NO,BUYER_ID,PAYMENT_OPTION,RECEIVER_NAME,RECEIVER_PHONE,DEMAILADDR,DLVY_REQUEST,TRAN_STATUS_CODE,ORDER_DATE,DLVY_DATE,QUANTITY) values (10101,10007,'user01','0  ','SCOTT','asdf','asdf','asdf','3  ',to_date('19/05/16','RR/MM/DD'),to_date('19/05/01','RR/MM/DD'),2);
Insert into SCOTT.TRANSACTION (TRAN_NO,PROD_NO,BUYER_ID,PAYMENT_OPTION,RECEIVER_NAME,RECEIVER_PHONE,DEMAILADDR,DLVY_REQUEST,TRAN_STATUS_CODE,ORDER_DATE,DLVY_DATE,QUANTITY) values (10099,10006,'user01','0  ','master확인',null,null,null,'2  ',to_date('19/05/15','RR/MM/DD'),null,1);
REM INSERTING into SCOTT.USERS
SET DEFINE OFF;
Insert into SCOTT.USERS (USER_ID,USER_NAME,PASSWORD,ROLE,SSN,CELL_PHONE,ADDR,EMAIL,REG_DATE) values ('admin','admin','1234','admin',null,null,'서울시 서초구','admin@mvc.com',to_date('12/01/14','RR/MM/DD'));
Insert into SCOTT.USERS (USER_ID,USER_NAME,PASSWORD,ROLE,SSN,CELL_PHONE,ADDR,EMAIL,REG_DATE) values ('manager','manager','1234','admin',null,null,null,'manager@mvc.com',to_date('12/01/14','RR/MM/DD'));
Insert into SCOTT.USERS (USER_ID,USER_NAME,PASSWORD,ROLE,SSN,CELL_PHONE,ADDR,EMAIL,REG_DATE) values ('user01','SCOTT','1111','user',null,null,null,null,to_date('19/04/10','RR/MM/DD'));
Insert into SCOTT.USERS (USER_ID,USER_NAME,PASSWORD,ROLE,SSN,CELL_PHONE,ADDR,EMAIL,REG_DATE) values ('user02','SCOTT','2222','user',null,null,null,null,to_date('19/04/10','RR/MM/DD'));
Insert into SCOTT.USERS (USER_ID,USER_NAME,PASSWORD,ROLE,SSN,CELL_PHONE,ADDR,EMAIL,REG_DATE) values ('user03','SCOTT','3333','user',null,null,null,null,to_date('19/04/10','RR/MM/DD'));
Insert into SCOTT.USERS (USER_ID,USER_NAME,PASSWORD,ROLE,SSN,CELL_PHONE,ADDR,EMAIL,REG_DATE) values ('user04','SCOTT','4444','user',null,null,null,null,to_date('19/04/10','RR/MM/DD'));
Insert into SCOTT.USERS (USER_ID,USER_NAME,PASSWORD,ROLE,SSN,CELL_PHONE,ADDR,EMAIL,REG_DATE) values ('user05','SCOTT','5555','user',null,null,null,null,to_date('19/04/10','RR/MM/DD'));
Insert into SCOTT.USERS (USER_ID,USER_NAME,PASSWORD,ROLE,SSN,CELL_PHONE,ADDR,EMAIL,REG_DATE) values ('user06','SCOTT','6666','user',null,null,null,null,to_date('19/04/10','RR/MM/DD'));
Insert into SCOTT.USERS (USER_ID,USER_NAME,PASSWORD,ROLE,SSN,CELL_PHONE,ADDR,EMAIL,REG_DATE) values ('user07','SCOTT','7777','user',null,null,null,null,to_date('19/04/10','RR/MM/DD'));
Insert into SCOTT.USERS (USER_ID,USER_NAME,PASSWORD,ROLE,SSN,CELL_PHONE,ADDR,EMAIL,REG_DATE) values ('user08','SCOTT','8888','user',null,null,null,null,to_date('19/04/10','RR/MM/DD'));
Insert into SCOTT.USERS (USER_ID,USER_NAME,PASSWORD,ROLE,SSN,CELL_PHONE,ADDR,EMAIL,REG_DATE) values ('user09','SCOTT','9999','user',null,null,null,null,to_date('19/04/10','RR/MM/DD'));
Insert into SCOTT.USERS (USER_ID,USER_NAME,PASSWORD,ROLE,SSN,CELL_PHONE,ADDR,EMAIL,REG_DATE) values ('user10','SCOTT','1010','user',null,null,null,null,to_date('19/04/10','RR/MM/DD'));
Insert into SCOTT.USERS (USER_ID,USER_NAME,PASSWORD,ROLE,SSN,CELL_PHONE,ADDR,EMAIL,REG_DATE) values ('user11','SCOTT','1111','user',null,null,null,null,to_date('19/04/10','RR/MM/DD'));
Insert into SCOTT.USERS (USER_ID,USER_NAME,PASSWORD,ROLE,SSN,CELL_PHONE,ADDR,EMAIL,REG_DATE) values ('user12','SCOTT','1212','user',null,null,null,null,to_date('19/04/10','RR/MM/DD'));
Insert into SCOTT.USERS (USER_ID,USER_NAME,PASSWORD,ROLE,SSN,CELL_PHONE,ADDR,EMAIL,REG_DATE) values ('user13','SCOTT','1313','user',null,null,null,null,to_date('19/04/10','RR/MM/DD'));
Insert into SCOTT.USERS (USER_ID,USER_NAME,PASSWORD,ROLE,SSN,CELL_PHONE,ADDR,EMAIL,REG_DATE) values ('user14','SCOTT','1414','user',null,null,null,null,to_date('19/04/10','RR/MM/DD'));
Insert into SCOTT.USERS (USER_ID,USER_NAME,PASSWORD,ROLE,SSN,CELL_PHONE,ADDR,EMAIL,REG_DATE) values ('user15','SCOTT','1515','user',null,null,null,null,to_date('19/04/10','RR/MM/DD'));
Insert into SCOTT.USERS (USER_ID,USER_NAME,PASSWORD,ROLE,SSN,CELL_PHONE,ADDR,EMAIL,REG_DATE) values ('user16','SCOTT','1616','user',null,null,null,null,to_date('19/04/10','RR/MM/DD'));
Insert into SCOTT.USERS (USER_ID,USER_NAME,PASSWORD,ROLE,SSN,CELL_PHONE,ADDR,EMAIL,REG_DATE) values ('user17','SCOTT','1717','user',null,null,null,null,to_date('19/04/10','RR/MM/DD'));
Insert into SCOTT.USERS (USER_ID,USER_NAME,PASSWORD,ROLE,SSN,CELL_PHONE,ADDR,EMAIL,REG_DATE) values ('user18','SCOTT','1818','user',null,null,null,null,to_date('19/04/10','RR/MM/DD'));
Insert into SCOTT.USERS (USER_ID,USER_NAME,PASSWORD,ROLE,SSN,CELL_PHONE,ADDR,EMAIL,REG_DATE) values ('user19','SCOTT','1919','user',null,null,null,null,to_date('19/04/10','RR/MM/DD'));
--------------------------------------------------------
--  DDL for Index C_DEPT_NAME_UK
--------------------------------------------------------

  CREATE UNIQUE INDEX "SCOTT"."C_DEPT_NAME_UK" ON "SCOTT"."S_DEPT" ("DEPT_NAME") 
  PCTFREE 10 INITRANS 2 MAXTRANS 255 COMPUTE STATISTICS 
  STORAGE(INITIAL 65536 NEXT 1048576 MINEXTENTS 1 MAXEXTENTS 2147483645
  PCTINCREASE 0 FREELISTS 1 FREELIST GROUPS 1 BUFFER_POOL DEFAULT)
  TABLESPACE "USERS" ;
--------------------------------------------------------
--  DDL for Index C_EMP_ID_PK
--------------------------------------------------------

  CREATE UNIQUE INDEX "SCOTT"."C_EMP_ID_PK" ON "SCOTT"."C_EMP" ("ID") 
  PCTFREE 10 INITRANS 2 MAXTRANS 255 COMPUTE STATISTICS 
  STORAGE(INITIAL 65536 NEXT 1048576 MINEXTENTS 1 MAXEXTENTS 2147483645
  PCTINCREASE 0 FREELISTS 1 FREELIST GROUPS 1 BUFFER_POOL DEFAULT)
  TABLESPACE "USERS" ;
--------------------------------------------------------
--  DDL for Index EMP_TEST01_ID_PK
--------------------------------------------------------

  CREATE UNIQUE INDEX "SCOTT"."EMP_TEST01_ID_PK" ON "SCOTT"."EMP_TEST01" ("ID") 
  PCTFREE 10 INITRANS 2 MAXTRANS 255 COMPUTE STATISTICS 
  STORAGE(INITIAL 65536 NEXT 1048576 MINEXTENTS 1 MAXEXTENTS 2147483645
  PCTINCREASE 0 FREELISTS 1 FREELIST GROUPS 1 BUFFER_POOL DEFAULT)
  TABLESPACE "USERS" ;
--------------------------------------------------------
--  DDL for Index PK_DEPT
--------------------------------------------------------

  CREATE INDEX "SCOTT"."PK_DEPT" ON "SCOTT"."DEPT" ("DEPTNO") 
  PCTFREE 10 INITRANS 2 MAXTRANS 255 COMPUTE STATISTICS 
  STORAGE(INITIAL 65536 NEXT 1048576 MINEXTENTS 1 MAXEXTENTS 2147483645
  PCTINCREASE 0 FREELISTS 1 FREELIST GROUPS 1 BUFFER_POOL DEFAULT)
  TABLESPACE "USERS" ;
--------------------------------------------------------
--  DDL for Index PK_EMP
--------------------------------------------------------

  CREATE INDEX "SCOTT"."PK_EMP" ON "SCOTT"."EMP" ("EMPNO") 
  PCTFREE 10 INITRANS 2 MAXTRANS 255 COMPUTE STATISTICS 
  STORAGE(INITIAL 65536 NEXT 1048576 MINEXTENTS 1 MAXEXTENTS 2147483645
  PCTINCREASE 0 FREELISTS 1 FREELIST GROUPS 1 BUFFER_POOL DEFAULT)
  TABLESPACE "USERS" ;
--------------------------------------------------------
--  DDL for Index REVIEW_PK
--------------------------------------------------------

  CREATE UNIQUE INDEX "SCOTT"."REVIEW_PK" ON "SCOTT"."REVIEW" ("REVIEW_NO") 
  PCTFREE 10 INITRANS 2 MAXTRANS 255 
  STORAGE(INITIAL 65536 NEXT 1048576 MINEXTENTS 1 MAXEXTENTS 2147483645
  PCTINCREASE 0 FREELISTS 1 FREELIST GROUPS 1 BUFFER_POOL DEFAULT)
  TABLESPACE "USERS" ;
--------------------------------------------------------
--  DDL for Index SALGRADE_HISAL_UQ
--------------------------------------------------------

  CREATE UNIQUE INDEX "SCOTT"."SALGRADE_HISAL_UQ" ON "SCOTT"."SAL_GRADE" ("HISAL") 
  PCTFREE 10 INITRANS 2 MAXTRANS 255 COMPUTE STATISTICS 
  STORAGE(INITIAL 65536 NEXT 1048576 MINEXTENTS 1 MAXEXTENTS 2147483645
  PCTINCREASE 0 FREELISTS 1 FREELIST GROUPS 1 BUFFER_POOL DEFAULT)
  TABLESPACE "USERS" ;
--------------------------------------------------------
--  DDL for Index SALGRADE_LOSAL_UQ
--------------------------------------------------------

  CREATE UNIQUE INDEX "SCOTT"."SALGRADE_LOSAL_UQ" ON "SCOTT"."SAL_GRADE" ("LOSAL") 
  PCTFREE 10 INITRANS 2 MAXTRANS 255 COMPUTE STATISTICS 
  STORAGE(INITIAL 65536 NEXT 1048576 MINEXTENTS 1 MAXEXTENTS 2147483645
  PCTINCREASE 0 FREELISTS 1 FREELIST GROUPS 1 BUFFER_POOL DEFAULT)
  TABLESPACE "USERS" ;
--------------------------------------------------------
--  DDL for Index SYS_C004017
--------------------------------------------------------

  CREATE UNIQUE INDEX "SCOTT"."SYS_C004017" ON "SCOTT"."TEST01" ("NO") 
  PCTFREE 10 INITRANS 2 MAXTRANS 255 
  STORAGE(INITIAL 65536 NEXT 1048576 MINEXTENTS 1 MAXEXTENTS 2147483645
  PCTINCREASE 0 FREELISTS 1 FREELIST GROUPS 1 BUFFER_POOL DEFAULT)
  TABLESPACE "USERS" ;
--------------------------------------------------------
--  DDL for Index SYS_C004034
--------------------------------------------------------

  CREATE UNIQUE INDEX "SCOTT"."SYS_C004034" ON "SCOTT"."USERS" ("USER_ID") 
  PCTFREE 10 INITRANS 2 MAXTRANS 255 COMPUTE STATISTICS 
  STORAGE(INITIAL 65536 NEXT 1048576 MINEXTENTS 1 MAXEXTENTS 2147483645
  PCTINCREASE 0 FREELISTS 1 FREELIST GROUPS 1 BUFFER_POOL DEFAULT)
  TABLESPACE "USERS" ;
--------------------------------------------------------
--  DDL for Index SYS_C004037
--------------------------------------------------------

  CREATE UNIQUE INDEX "SCOTT"."SYS_C004037" ON "SCOTT"."PRODUCT" ("PROD_NO") 
  PCTFREE 10 INITRANS 2 MAXTRANS 255 COMPUTE STATISTICS 
  STORAGE(INITIAL 65536 NEXT 1048576 MINEXTENTS 1 MAXEXTENTS 2147483645
  PCTINCREASE 0 FREELISTS 1 FREELIST GROUPS 1 BUFFER_POOL DEFAULT)
  TABLESPACE "USERS" ;
--------------------------------------------------------
--  DDL for Index SYS_C004041
--------------------------------------------------------

  CREATE UNIQUE INDEX "SCOTT"."SYS_C004041" ON "SCOTT"."TRANSACTION" ("TRAN_NO") 
  PCTFREE 10 INITRANS 2 MAXTRANS 255 COMPUTE STATISTICS 
  STORAGE(INITIAL 65536 NEXT 1048576 MINEXTENTS 1 MAXEXTENTS 2147483645
  PCTINCREASE 0 FREELISTS 1 FREELIST GROUPS 1 BUFFER_POOL DEFAULT)
  TABLESPACE "USERS" ;
--------------------------------------------------------
--  DDL for Index S_DEPT_ID_PK
--------------------------------------------------------

  CREATE UNIQUE INDEX "SCOTT"."S_DEPT_ID_PK" ON "SCOTT"."S_DEPT" ("ID") 
  PCTFREE 10 INITRANS 2 MAXTRANS 255 COMPUTE STATISTICS 
  STORAGE(INITIAL 65536 NEXT 1048576 MINEXTENTS 1 MAXEXTENTS 2147483645
  PCTINCREASE 0 FREELISTS 1 FREELIST GROUPS 1 BUFFER_POOL DEFAULT)
  TABLESPACE "USERS" ;
--------------------------------------------------------
--  DDL for Trigger BI_REVIEW
--------------------------------------------------------

  CREATE OR REPLACE TRIGGER "SCOTT"."BI_REVIEW" 
  before insert on "REVIEW"               
  for each row  
begin   
    select "REVIEW_SEQ".nextval into :NEW.REVIEW_NO from dual; 
end; 

/
ALTER TRIGGER "SCOTT"."BI_REVIEW" ENABLE;
--------------------------------------------------------
--  DDL for Function GET_SEQ_TRAN_NO
--------------------------------------------------------

  CREATE OR REPLACE FUNCTION "SCOTT"."GET_SEQ_TRAN_NO" 
return number
is
seq_tran_no NUMBER;
BEGIN
SELECT SEQ_TRANSACTION_TRAN_NO.nextval
INTO seq_tran_no
FROM DUAL;
RETURN seq_tran_no;
End;

/
--------------------------------------------------------
--  DDL for Synonymn DUAL
--------------------------------------------------------

  CREATE OR REPLACE PUBLIC SYNONYM "DUAL" FOR "SYS"."DUAL";
--------------------------------------------------------
--  Constraints for Table CART
--------------------------------------------------------

  ALTER TABLE "SCOTT"."CART" MODIFY ("USER_ID" NOT NULL ENABLE);
--------------------------------------------------------
--  Constraints for Table CLIENT
--------------------------------------------------------

  ALTER TABLE "SCOTT"."CLIENT" MODIFY ("NAME" NOT NULL ENABLE);
--------------------------------------------------------
--  Constraints for Table C_EMP
--------------------------------------------------------

  ALTER TABLE "SCOTT"."C_EMP" ADD CONSTRAINT "C_EMP_ID_PK" PRIMARY KEY ("ID")
  USING INDEX PCTFREE 10 INITRANS 2 MAXTRANS 255 COMPUTE STATISTICS 
  STORAGE(INITIAL 65536 NEXT 1048576 MINEXTENTS 1 MAXEXTENTS 2147483645
  PCTINCREASE 0 FREELISTS 1 FREELIST GROUPS 1 BUFFER_POOL DEFAULT)
  TABLESPACE "USERS"  ENABLE;
 
  ALTER TABLE "SCOTT"."C_EMP" MODIFY ("NAME" CONSTRAINT "C_EMP_NAME_NN" NOT NULL ENABLE);
 
  ALTER TABLE "SCOTT"."C_EMP" ADD CONSTRAINT "C_EMP_PHONE_CH" CHECK (phone LIKE '3429-%') ENABLE;
--------------------------------------------------------
--  Constraints for Table DEPT
--------------------------------------------------------

  ALTER TABLE "SCOTT"."DEPT" ADD CONSTRAINT "PK_DEPT" PRIMARY KEY ("DEPTNO")
  USING INDEX PCTFREE 10 INITRANS 2 MAXTRANS 255 COMPUTE STATISTICS 
  STORAGE(INITIAL 65536 NEXT 1048576 MINEXTENTS 1 MAXEXTENTS 2147483645
  PCTINCREASE 0 FREELISTS 1 FREELIST GROUPS 1 BUFFER_POOL DEFAULT)
  TABLESPACE "USERS"  ENABLE;
--------------------------------------------------------
--  Constraints for Table EMP
--------------------------------------------------------

  ALTER TABLE "SCOTT"."EMP" ADD CONSTRAINT "PK_EMP" PRIMARY KEY ("EMPNO")
  USING INDEX PCTFREE 10 INITRANS 2 MAXTRANS 255 COMPUTE STATISTICS 
  STORAGE(INITIAL 65536 NEXT 1048576 MINEXTENTS 1 MAXEXTENTS 2147483645
  PCTINCREASE 0 FREELISTS 1 FREELIST GROUPS 1 BUFFER_POOL DEFAULT)
  TABLESPACE "USERS"  ENABLE;
 
  ALTER TABLE "SCOTT"."EMP" MODIFY ("EMPNO" NOT NULL ENABLE);
--------------------------------------------------------
--  Constraints for Table EMP_TEST01
--------------------------------------------------------

  ALTER TABLE "SCOTT"."EMP_TEST01" ADD CONSTRAINT "EMP_TEST01_ID_PK" PRIMARY KEY ("ID")
  USING INDEX PCTFREE 10 INITRANS 2 MAXTRANS 255 COMPUTE STATISTICS 
  STORAGE(INITIAL 65536 NEXT 1048576 MINEXTENTS 1 MAXEXTENTS 2147483645
  PCTINCREASE 0 FREELISTS 1 FREELIST GROUPS 1 BUFFER_POOL DEFAULT)
  TABLESPACE "USERS"  ENABLE;
 
  ALTER TABLE "SCOTT"."EMP_TEST01" MODIFY ("NAME" CONSTRAINT "EMP_TEST01_NAME_NN" NOT NULL ENABLE);
 
  ALTER TABLE "SCOTT"."EMP_TEST01" ADD CONSTRAINT "EMP_TEST01_SALARY_CH" CHECK (SALARY >=1000) ENABLE;
--------------------------------------------------------
--  Constraints for Table PRODUCT
--------------------------------------------------------

  ALTER TABLE "SCOTT"."PRODUCT" MODIFY ("PROD_NO" NOT NULL ENABLE);
 
  ALTER TABLE "SCOTT"."PRODUCT" MODIFY ("PROD_NAME" NOT NULL ENABLE);
 
  ALTER TABLE "SCOTT"."PRODUCT" ADD PRIMARY KEY ("PROD_NO")
  USING INDEX PCTFREE 10 INITRANS 2 MAXTRANS 255 COMPUTE STATISTICS 
  STORAGE(INITIAL 65536 NEXT 1048576 MINEXTENTS 1 MAXEXTENTS 2147483645
  PCTINCREASE 0 FREELISTS 1 FREELIST GROUPS 1 BUFFER_POOL DEFAULT)
  TABLESPACE "USERS"  ENABLE;
 
  ALTER TABLE "SCOTT"."PRODUCT" MODIFY ("MANUFACTURE_DAY" NOT NULL ENABLE);
--------------------------------------------------------
--  Constraints for Table PRODUCT_STOCK
--------------------------------------------------------

  ALTER TABLE "SCOTT"."PRODUCT_STOCK" MODIFY ("PROD_NO" NOT NULL ENABLE);
 
  ALTER TABLE "SCOTT"."PRODUCT_STOCK" MODIFY ("STOCK" NOT NULL ENABLE);
--------------------------------------------------------
--  Constraints for Table REVIEW
--------------------------------------------------------

  ALTER TABLE "SCOTT"."REVIEW" ADD CONSTRAINT "REVIEW_PK" PRIMARY KEY ("REVIEW_NO")
  USING INDEX PCTFREE 10 INITRANS 2 MAXTRANS 255 
  STORAGE(INITIAL 65536 NEXT 1048576 MINEXTENTS 1 MAXEXTENTS 2147483645
  PCTINCREASE 0 FREELISTS 1 FREELIST GROUPS 1 BUFFER_POOL DEFAULT)
  TABLESPACE "USERS"  ENABLE;
 
  ALTER TABLE "SCOTT"."REVIEW" MODIFY ("REVIEW_NO" NOT NULL ENABLE);
 
  ALTER TABLE "SCOTT"."REVIEW" MODIFY ("PROD_NO" NOT NULL ENABLE);
 
  ALTER TABLE "SCOTT"."REVIEW" MODIFY ("USER_ID" NOT NULL ENABLE);
 
  ALTER TABLE "SCOTT"."REVIEW" MODIFY ("TITLE" NOT NULL ENABLE);
 
  ALTER TABLE "SCOTT"."REVIEW" MODIFY ("RATING" NOT NULL ENABLE);
 
  ALTER TABLE "SCOTT"."REVIEW" MODIFY ("REG_DATE" NOT NULL ENABLE);
 
  ALTER TABLE "SCOTT"."REVIEW" MODIFY ("TRAN_NO" NOT NULL ENABLE);
--------------------------------------------------------
--  Constraints for Table SAL_GRADE
--------------------------------------------------------

  ALTER TABLE "SCOTT"."SAL_GRADE" MODIFY ("GRADE" CONSTRAINT "SALGRADE_GRADE_NN" NOT NULL ENABLE);
 
  ALTER TABLE "SCOTT"."SAL_GRADE" ADD CONSTRAINT "SALGRADE_HISAL_UQ" UNIQUE ("HISAL")
  USING INDEX PCTFREE 10 INITRANS 2 MAXTRANS 255 COMPUTE STATISTICS 
  STORAGE(INITIAL 65536 NEXT 1048576 MINEXTENTS 1 MAXEXTENTS 2147483645
  PCTINCREASE 0 FREELISTS 1 FREELIST GROUPS 1 BUFFER_POOL DEFAULT)
  TABLESPACE "USERS"  ENABLE;
 
  ALTER TABLE "SCOTT"."SAL_GRADE" ADD CONSTRAINT "SALGRADE_LOSAL_UQ" UNIQUE ("LOSAL")
  USING INDEX PCTFREE 10 INITRANS 2 MAXTRANS 255 COMPUTE STATISTICS 
  STORAGE(INITIAL 65536 NEXT 1048576 MINEXTENTS 1 MAXEXTENTS 2147483645
  PCTINCREASE 0 FREELISTS 1 FREELIST GROUPS 1 BUFFER_POOL DEFAULT)
  TABLESPACE "USERS"  ENABLE;
--------------------------------------------------------
--  Constraints for Table S_DEPT
--------------------------------------------------------

  ALTER TABLE "SCOTT"."S_DEPT" ADD CONSTRAINT "C_DEPT_NAME_UK" UNIQUE ("DEPT_NAME")
  USING INDEX PCTFREE 10 INITRANS 2 MAXTRANS 255 COMPUTE STATISTICS 
  STORAGE(INITIAL 65536 NEXT 1048576 MINEXTENTS 1 MAXEXTENTS 2147483645
  PCTINCREASE 0 FREELISTS 1 FREELIST GROUPS 1 BUFFER_POOL DEFAULT)
  TABLESPACE "USERS"  ENABLE;
 
  ALTER TABLE "SCOTT"."S_DEPT" ADD CONSTRAINT "S_DEPT_ID_PK" PRIMARY KEY ("ID")
  USING INDEX PCTFREE 10 INITRANS 2 MAXTRANS 255 COMPUTE STATISTICS 
  STORAGE(INITIAL 65536 NEXT 1048576 MINEXTENTS 1 MAXEXTENTS 2147483645
  PCTINCREASE 0 FREELISTS 1 FREELIST GROUPS 1 BUFFER_POOL DEFAULT)
  TABLESPACE "USERS"  ENABLE;
--------------------------------------------------------
--  Constraints for Table TEST01
--------------------------------------------------------

  ALTER TABLE "SCOTT"."TEST01" ADD PRIMARY KEY ("NO")
  USING INDEX PCTFREE 10 INITRANS 2 MAXTRANS 255 
  STORAGE(INITIAL 65536 NEXT 1048576 MINEXTENTS 1 MAXEXTENTS 2147483645
  PCTINCREASE 0 FREELISTS 1 FREELIST GROUPS 1 BUFFER_POOL DEFAULT)
  TABLESPACE "USERS"  ENABLE;
--------------------------------------------------------
--  Constraints for Table TRANSACTION
--------------------------------------------------------

  ALTER TABLE "SCOTT"."TRANSACTION" MODIFY ("TRAN_NO" NOT NULL ENABLE);
 
  ALTER TABLE "SCOTT"."TRANSACTION" MODIFY ("PROD_NO" NOT NULL ENABLE);
 
  ALTER TABLE "SCOTT"."TRANSACTION" MODIFY ("BUYER_ID" NOT NULL ENABLE);
 
  ALTER TABLE "SCOTT"."TRANSACTION" ADD PRIMARY KEY ("TRAN_NO")
  USING INDEX PCTFREE 10 INITRANS 2 MAXTRANS 255 COMPUTE STATISTICS 
  STORAGE(INITIAL 65536 NEXT 1048576 MINEXTENTS 1 MAXEXTENTS 2147483645
  PCTINCREASE 0 FREELISTS 1 FREELIST GROUPS 1 BUFFER_POOL DEFAULT)
  TABLESPACE "USERS"  ENABLE;
 
  ALTER TABLE "SCOTT"."TRANSACTION" MODIFY ("QUANTITY" NOT NULL ENABLE);
--------------------------------------------------------
--  Constraints for Table USERS
--------------------------------------------------------

  ALTER TABLE "SCOTT"."USERS" MODIFY ("USER_ID" NOT NULL ENABLE);
 
  ALTER TABLE "SCOTT"."USERS" MODIFY ("USER_NAME" NOT NULL ENABLE);
 
  ALTER TABLE "SCOTT"."USERS" MODIFY ("PASSWORD" NOT NULL ENABLE);
 
  ALTER TABLE "SCOTT"."USERS" ADD PRIMARY KEY ("USER_ID")
  USING INDEX PCTFREE 10 INITRANS 2 MAXTRANS 255 COMPUTE STATISTICS 
  STORAGE(INITIAL 65536 NEXT 1048576 MINEXTENTS 1 MAXEXTENTS 2147483645
  PCTINCREASE 0 FREELISTS 1 FREELIST GROUPS 1 BUFFER_POOL DEFAULT)
  TABLESPACE "USERS"  ENABLE;
--------------------------------------------------------
--  Ref Constraints for Table C_EMP
--------------------------------------------------------

  ALTER TABLE "SCOTT"."C_EMP" ADD CONSTRAINT "C_EMP_S_DEPT_ID_FK" FOREIGN KEY ("DEPT_ID")
	  REFERENCES "SCOTT"."S_DEPT" ("ID") ENABLE;
--------------------------------------------------------
--  Ref Constraints for Table EMP
--------------------------------------------------------

  ALTER TABLE "SCOTT"."EMP" ADD CONSTRAINT "FK_DEPTNO" FOREIGN KEY ("DEPTNO")
	  REFERENCES "SCOTT"."DEPT" ("DEPTNO") ON DELETE CASCADE ENABLE;
--------------------------------------------------------
--  Ref Constraints for Table PRODUCT_STOCK
--------------------------------------------------------

  ALTER TABLE "SCOTT"."PRODUCT_STOCK" ADD CONSTRAINT "PRODUCT_STOCK_CON" FOREIGN KEY ("PROD_NO")
	  REFERENCES "SCOTT"."PRODUCT" ("PROD_NO") ON DELETE CASCADE ENABLE;
--------------------------------------------------------
--  Ref Constraints for Table TRANSACTION
--------------------------------------------------------

  ALTER TABLE "SCOTT"."TRANSACTION" ADD FOREIGN KEY ("PROD_NO")
	  REFERENCES "SCOTT"."PRODUCT" ("PROD_NO") ENABLE;
 
  ALTER TABLE "SCOTT"."TRANSACTION" ADD FOREIGN KEY ("BUYER_ID")
	  REFERENCES "SCOTT"."USERS" ("USER_ID") ENABLE;
